{
  "algo": "PPO",
  "seed": 999,
  "run_dir": "runs_integrated\\lunar_PPO_seed999",
  "final_model_path": "runs_integrated\\lunar_PPO_seed999\\final_model.zip",
  "best_model_path": "runs_integrated\\lunar_PPO_seed999\\best_model\\best_model.zip",
  "quick20_mean": 239.11271055000003,
  "quick20_std": 56.55479237865069,
  "quick20_success_rate": 0.85,
  "quick20_nsuccess": 17,
  "quick20_max": 279.672871,
  "quick20_p90": 274.76292060000003,
  "quick20_p50": 256.8961895,
  "solved_consecutive_100": true,
  "first_solved_end_ep": 100,
  "best_roll100": 252.22342957232107,
  "final_roll100": 240.91838277206466,
  "success_rate_last100": 0.86,
  "max_ep_reward_400": 308.4409424435961,
  "best_window_start": 216,
  "best_window_min": 123.26627678123165
}