{
  "algo": "PPO",
  "seed": 123,
  "run_dir": "runs_integrated\\lunar_PPO_seed123",
  "final_model_path": "runs_integrated\\lunar_PPO_seed123\\final_model.zip",
  "best_model_path": "runs_integrated\\lunar_PPO_seed123\\best_model\\best_model.zip",
  "quick20_mean": 231.19110259999997,
  "quick20_std": 67.86651800638859,
  "quick20_success_rate": 0.8,
  "quick20_nsuccess": 16,
  "quick20_max": 300.215543,
  "quick20_p90": 295.0535587,
  "quick20_p50": 244.7058895,
  "solved_consecutive_100": true,
  "first_solved_end_ep": 100,
  "best_roll100": 245.5501187607837,
  "final_roll100": 241.6436707381082,
  "success_rate_last100": 0.86,
  "max_ep_reward_400": 309.91303428620995,
  "best_window_start": 1,
  "best_window_min": -7.313377504920268
}